student_id,name,school_id,image_filename
STU-001,Maya Patel,SCH-001,STU-001.svg
STU-002,Leo Carter,SCH-001,STU-002.svg
STU-003,Zoe Williams,SCH-001,STU-003.svg
STU-004,Arjun Shah,SCH-001,STU-004.svg
STU-005,Nora Wilson,SCH-001,STU-005.svg
STU-006,Ethan Brown,SCH-002,STU-006.svg
STU-007,Isha Rao,SCH-002,STU-007.svg
STU-008,Oliver Smith,SCH-002,STU-008.svg
STU-009,Sara Khan,SCH-002,STU-009.svg
STU-010,Lucas Martin,SCH-002,STU-010.svg
STU-011, Aniket Malhotra, SCH-002,Screenshot 2025-12-01 at 8.34.10 AM.png